{
	//0.模式配置，仅开发期间生效，配置好后，保存。然后进入微信小程序开发者工具，在编译选项中，选择这里的创建的”模式名称“即可
	//1.页面路由绑定
	"pages": [ //pages数组中第一项表示应用启动页，参考：https://uniapp.dcloud.io/collocation/pages
		{
			"path": "pages/index/index",
			"style": {
				"navigationBarTitleText": "唯家首页",
				 "enablePullDownRefresh": true
			}
		}, 
		{
			"path": "pages/login/shenqing",
			"style": {
				"navigationBarTitleText": "角色申请"
			}
		}, 
		{
			"path": "pages/weijiahaofang/wodefabu",
			"style": {
				"navigationBarTitleText": "我的发布",
				 "enablePullDownRefresh": true
			}
		}, 
		{
			"path": "pages/fangyuanshangchuan/fangyuanshangchuan",
			"style": {
				"navigationBarTitleText": "房源上传"
			}
		},
		{
			"path": "pages/fangyuanshangchuan/zhengzhufabu",
			"style": {
				"navigationBarTitleText": "整租发布"
			}
		}, 
		{
			"path": "pages/fangyuanshangchuan/hezufabu",
			"style": {
				"navigationBarTitleText": "合租发布"
			}
		}, 
		{
			"path": "pages/fangyuanshangchuan/fangdongweituo",
			"style": {
				"navigationBarTitleText": "房东委托"
			}
		}
        ,{
            "path" : "pages/zhaoshiyou/zhaoshiyou",
            "style" : {
				"navigationBarTitleText": "找室友"
			}
        }
        ,{
            "path" : "pages/weijiahaofang/weijiahaofang",
            "style" : {
				"navigationBarTitleText": "唯家好房"
			}
        }
        ,{
            "path" : "pages/woderenzheng/woderenzheng",
            "style" : {
				"navigationBarTitleText": "我的认证"
			}
        }
        ,{
            "path" : "pages/fangyuanxiangqing/fangyuanxiangqing",
            "style" : {
				"navigationBarTitleText": "房源详情"
			}
        }
        ,{
            "path" : "pages/wodeshiyou/wodeshiyou",
            "style" : {
							"navigationBarTitleText": "我的室友"
						}
        }
       ,
				{
						"path" : "pages/fangyuanshangchuan/zhengzhufabu2",
						"style" : {
							"navigationBarTitleText": "房源发布"
							}
				},
				{
						"path" : "pages/zhaoshiyou/zhaoshiyou-xiangqing",
						"style" : {
							"navigationBarTitleText": "室友详情"
							}
				}
        ,{
            "path" : "pages/fangyuanshangchuan/wodefabu",
            "style" : {
							"navigationBarTitleText": "我的发布"
						}
        }
        ,{
            "path" : "pages/login/login",
            "style" : {
							"navigationBarTitleText": "登录"
						}
        }
		,{
		    "path" : "pages/login/empty",
		    "style" : {
							"navigationBarTitleText": ""
						}
		}
		,{
		    "path" : "pages/login/role-jump",
		    "style" : {
							"navigationBarTitleText": ""
						}
		}
        ,{
            "path" : "pages/login/register",
            "style" : {
								"navigationBarTitleText": "注册"
						}
        }
    ],
	//2.头部导航条默认样式
	"globalStyle": {
		"navigationBarTextStyle": "black",
		"navigationBarTitleText": "未设置标题",
		"navigationBarBackgroundColor": "#F8F8F8",
		"backgroundColor": "#F8F8F8"
	},
	//3.底部选项卡(多页面切换)
	"tabBar": {
		"color": "#9D9D9D",
		"selectedColor": "#333333",
		"borderStyle": "black",
		"backgroundColor": "#ffffff",
		"list": [{
			"pagePath": "pages/index/index",
			"iconPath": "static/nav-bottom-left-0.png",
			"selectedIconPath": "static/nav-bottom-left-1.png",
			"text": "首页"
		}, {
			"pagePath": "pages/fangyuanshangchuan/fangyuanshangchuan",
			"iconPath": "static/nav-bottom-center-0.png",
			"selectedIconPath": "static/nav-bottom-center-1.png",
			"text": "房源上传"
		}]
	}
}
